linie,statie,cod_statie,conexiune_linii,directie
1_0,SURA MARE,271,"1,  7, 11, 25,",up
1_1,CUTITUL DE ARGINT,1308,"1,",up
1_2,ADESGO,1312,"1,",up
1_3,COLEGIUL NATIONAL GH. SINCAI,4483,"1,",up
1_4,UNIV. CRESTINA DIMITRIE CANTE,3036,"1,",up
1_5,SCOALA GENERALA 81,1321,"1,",up
1_6,PAPAZOGLU,3257,"1,",up
1_7,BD. OCTAVIAN GOGA,1322,"1,",up
1_8,POSTA VITAN,500,"1, 23, 27,",up
1_9,PIATA VITAN,3655,"1,",up
1_10,BUCURESTI-MALL,3408,"1,",up
1_11,ZIZIN,3409,"1,",up
1_12,CALEA VITAN,4,"1,",up
1_13,LABORATOR,5,"1,",up
1_14,CALEA DUDESTI,6,"1,",up
1_15,BABA NOVAC,7,"1,",up
1_16,GHEORGHE PETRASCU,2303,"1,",up
1_17,PIATA HURMUZACHI,1501,"1,",up
1_18,VATRA LUMINOASA,10,"1,",up
1_19,PIATA IANCULUI,11,"1,",up
1_20,BD. FERDINAND,12,"1, 46,",up
1_21,BUCUR OBOR,571,"1, 46,",up
1_22,LIZEANU,572,"1, 46,",up
1_23,DR. GROZOVICI,178,"1, 46,",up
1_24,VASILE LASCAR,179,"1, 46,",up
1_25,STADION DINAMO,399,"1, 46,",up
1_26,CALEA DOROBANTILOR,181,"1, 46,",up
1_27,ROMA,182,"1, 46,",up
1_28,PASAJ VICTORIA,183,"1, 46,",up
1_29,DR. FELIX,151,"1,",up
1_30,BD. BANU MANTA,2381,"1,",up
1_0,BD. BANU MANTA,2381,"1,",down
1_1,PASAJUL BASARAB,4296,"1,",down
1_2,POD GROZAVESTI,2312,"1, 11, 35,",down
1_3,BD. IULIU MANIU,2313,"1, 11, 35,",down
1_4,BD. TIMISOARA,2314,"1, 11, 35,",down
1_5,PIATA DANNY HUWE,327,"1,  8, 11, 25,",down
1_6,APRODEX,343,"1,  8, 11, 25,",down
1_7,CALEA 13 SEPTEMBRIE,344,"1,  8, 11, 25,",down
1_8,INOX,345,"1,  8, 11, 25, 47,",down
1_9,CALEA RAHOVEI,346,"1, 11, 25, 47,",down
1_10,SPATARUL PREDA,347,"1, 11, 25, 47,",down
1_11,SOSEAUA VIILOR,2683,"1, 11, 25, 47,",down
1_12,STEFAN HEPITES,349,"1,  7, 11, 25,",down
1_13,PIATA EROII REVOLUTIEI,350,"1,  7, 11, 25,",down
1_14,CIMITIRUL SERBAN VODA,351,"1, 1,",down
1_15,SURA MARE,3754,"1, 1,",down
10_0,SURA MARE,271,"1,  7, 11, 25,",up
10_1,PIATA EROII REVOLUTIEI,2358,"1, 7, 11, 25,",up
10_2,STEFAN HEPITES,300,"1, 7, 11, 25,",up
10_3,DR. CONSTANTIN ISTRATI,3100,"1, 7, 11, 25,",up
10_4,SPATARUL PREDA,329,"1, 11, 25, 47,",up
10_5,CALEA RAHOVEI,328,"1, 8, 11, 25, 47,",up
10_6,INOX,331,"1, 8, 11, 25, 47,",up
10_7,CALEA 13 SEPTEMBRIE,330,"1, 8, 11, 25,",up
10_8,APRODEX,54,"1, 8, 11, 25,",up
10_9,PIATA DANNY HUWE,2315,"1, 8, 11, 25,",up
10_10,BD. VASILE MILEA,2308,"1, 8, 11, 25,",up
10_11,BD. IULIU MANIU,2309,"1, 11, 35,",up
10_12,POD GROZAVESTI,2310,"1, 11, 35,",up
10_13,PASAJUL BASARAB,4297,"1, 1,",up
10_14,BD. BANU MANTA,2361,"1, 1,",up
10_0,BD. BANU MANTA,2361,"1, 1,",down
10_1,DR. FELIX,2362,"1, 1,",down
10_2,PASAJ VICTORIA,983,"1, 46,",down
10_3,ROMA,166,"1, 46,",down
10_4,CALEA DOROBANTILOR,167,"1, 46,",down
10_5,STADION DINAMO,400,"1, 46,",down
10_6,VASILE LASCAR,169,"1, 46,",down
10_7,DR. GROZOVICI,170,"1, 46,",down
10_8,LIZEANU,171,"1, 46,",down
10_9,BUCUR OBOR,582,"1, 46,",down
10_10,BD. FERDINAND,583,"1, 46,",down
10_11,PIATA IANCULUI,401,"1, 46,",down
10_12,VATRA LUMINOASA,36,"1, 1,",down
10_13,MIEILOR,2305,"1, 1,",down
10_14,PIATA HURMUZACHI,4454,"1, 1,",down
10_15,GHEORGHE PETRASCU,2306,"1, 1,",down
10_16,BABA NOVAC,38,"1, 1,",down
10_17,CALEA DUDESTI,39,"1, 1,",down
10_18,LABORATOR,41,"1, 1,",down
10_19,CALEA VITAN,4043,"1, 1,",down
10_20,ZIZIN,3406,"1, 1,",down
10_21,BUCURESTI-MALL,3407,"1, 1,",down
10_22,PIATA VITAN,3654,"1, 1,",down
10_23,POSTA VITAN,537,"1, 23, 27,",down
10_24,NERVA TRAIAN,2423,"1, 23, 27,",down
10_25,PAPAZOGLU,3256,"1, 1,",down
10_26,SCOALA GENERALA 81,1325,"1, 1,",down
10_27,UNIVERSITATEA CRESTINA DIMITR,3135,"1, 1,",down
10_28,COLEGIUL NATIONAL GH. SINCAI,4484,"1, 1,",down
10_29,ADESGO,1357,"1, 1,",down
10_30,CUTITUL DE ARGINT,1362,"1, 1,",down
10_31,CIMITIRUL EROII REVOLUTIEI,1372,"1, 1,",down
10_32,CIMITIRUL SERBAN VODA,351,"1, 1,",down
10_33,SURA MARE,3754,"1, 1,",down
4_0,C.F.R. PROGRESUL,371,"4,  7, 25,",up
4_1,CAP. RADUCANU CRISTEA,372,"4,  7, 25,",up
4_2,ANGHEL NUTU,990,"4,  7, 25,",up
4_3,LUICA,2914,"4,  7, 25,",up
4_4,CIMITIRUL PROGRESUL,259,"4, 11,",up
4_5,BACIULUI,260,"4, 11,",up
4_6,ZETARILOR,3028,"4, 11,",up
4_0,ZETARILOR,4486,"4, 11,",down
4_1,BACIULUI,263,"4, 11,",down
4_2,CIMITIRUL PROGRESUL,264,"4, 11,",down
4_3,SOSEAUA GIURGIULUI,265,"4, 11,",down
4_4,ANGHEL NUTU,991,"4,  7, 25,",down
4_5,CAP. RADUCANU CRISTEA,382,"4,  7, 25,",down
4_6,C.F.R. PROGRESUL,383,"4,  7, 25,",down
5_0,PIATA SF. GHEORGHE,185,"5, 16, 21,",up
5_1,HRISTO BOTEV,3001,"5, 16, 21,",up
5_2,BD. CAROL I,186,"5, 16,",up
5_3,BATISTEI,187,"5, 16,",up
5_4,MARIA ROSETTI,1226,"5, 16,",up
5_5,PIATA GEMENI,188,"5, 16,",up
5_6,TEATRUL METROPOLIS,2319,"5,",up
5_7,SOSEAUA STEFAN CEL MARE,190,"5,",up
5_8,BD. LACUL TEI,2320,"5,",up
5_9,ROSSINI,2321,"5,",up
5_10,CEAIKOVSKI,2322,"5,",up
5_11,GIUSEPPE VERDI,2323,"5,",up
5_12,MUZEUL AVIATIEI,2324,"5,",up
5_13,SOSEAUA PIPERA,2916,"5,",up
5_14,MAGURICEA,2326,"5,",up
5_15,PASAJ BANEASA,2327,"5,",up
5_16,APICOLA,2328,"5,",up
5_17,PIATA BANEASA,3756,"5,",up
5_0,PIATA BANEASA,3757,"5,",down
5_1,APICOLA,2331,"5,",down
5_2,PASAJ BANEASA,2332,"5,",down
5_3,MAGURICEA,2333,"5,",down
5_4,SOSEAUA PIPERA,2334,"5,",down
5_5,MUZEUL AVIATIEI,2335,"5,",down
5_6,GIUSEPPE VERDI,2336,"5,",down
5_7,CEAIKOVSKI,2337,"5,",down
5_8,ROSSINI,2338,"5,",down
5_9,BD. LACUL TEI,2339,"5,",down
5_10,SOSEAUA STEFAN CEL MARE,2340,"5,",down
5_11,TEATRUL METROPOLIS,2341,"5,135,",down
5_12,PIATA GEMENI,498,"5, 16,",down
5_13,MARIA ROSETTI,1225,"5, 16,",down
5_14,BATISTEI,207,"5, 16,",down
5_15,BD. CAROL I,208,"5, 16,",down
5_16,HRISTO BOTEV,2343,"5, 16, 21,",down
5_17,PIATA SF. GHEORGHE,2929,"5, 16, 21,",down
7_0,C.F.R. PROGRESUL,371,"4,  7, 25,",up
7_1,CAP. RADUCANU CRISTEA,372,"4,  7, 25,",up
7_2,ANGHEL NUTU,990,"4,  7, 25,",up
7_3,LUICA,2914,"4,  7, 25,",up
7_4,CIMITIRUL EVREIESC,266,"7, 11, 25,",up
7_5,DRUMUL GAZARULUI,267,"7, 11, 25,",up
7_6,TOPORASI,268,"7, 11, 25,",up
7_7,PIATA PROGRESUL,269,"7, 11, 25,",up
7_8,MUZEUL BACOVIA,270,"7, 11, 25,",up
7_9,SURA MARE,271,"1,  7, 11, 25,",up
7_10,PIATA EROII REVOLUTIEI,2358,"1, 7, 11, 25,",up
7_11,STEFAN HEPITES,300,"1, 7, 11, 25,",up
7_12,DR. CONSTANTIN ISTRATI,3100,"1, 7, 11, 25,",up
7_13,AUTOGARA FILARET,2363,"7, 47,",up
7_14,PARCUL CAROL I,3686,"7, 47,",up
7_15,GRAMONT,1409,"7, 23, 27, 47,",up
7_16,PATRIARHIA ROMANA,473,"7, 23, 27, 47,",up
7_17,PIATA UNIRII,472,"7, 27, 32, 47,",up
7_0,PIATA UNIRII,472,"7, 27, 32, 47,",down
7_1,11 IUNIE,464,"7, 27, 32, 47,",down
7_2,GRAMONT,475,"7, 23, 27, 47,",down
7_3,PARCUL CAROL I,3687,"7, 47,",down
7_4,AUTOGARA FILARET,2370,"7, 47,",down
7_5,SOSEAUA VIILOR,1451,"7, 47,",down
7_6,STEFAN HEPITES,349,"1,  7, 11, 25,",down
7_7,PIATA EROII REVOLUTIEI,350,"1,  7, 11, 25,",down
7_8,SURA MARE,252,"7, 11, 25,",down
7_9,MUZEUL BACOVIA,253,"7, 11, 25,",down
7_10,PIATA PROGRESUL,254,"7, 11, 25,",down
7_11,TOPORASI,255,"7, 11, 25,",down
7_12,DRUMUL GAZARULUI,256,"7, 11, 25,",down
7_13,CIMITIRUL EVREIESC,257,"7, 11, 25,",down
7_14,LUICA,2915,"7, 11, 25,",down
7_15,ANGHEL NUTU,991,"4,  7, 25,",down
7_16,CAP. RADUCANU CRISTEA,382,"4,  7, 25,",down
7_17,C.F.R. PROGRESUL,383,"4,  7, 25,",down
8_0,DEPOUL MILITARI,420,"8, 25, 35,",up
8_1,INSCUT,422,"8, 25, 35,",up
8_2,S.C. VEST,423,"8, 25, 35,",up
8_3,URBIS,425,"8, 25, 35,",up
8_4,CESAROM,426,"8, 25, 35,",up
8_5,C.F.R. COTROCENI,2356,"8, 25, 35,",up
8_6,VALEA CASCADELOR,4325,"8, 25, 35,",up
8_7,RADOX,3512,"8, 25, 35,",up
8_8,VALEA OLTULUI,2353,"8, 25, 35,",up
8_9,FRIGOCOM,2352,"8, 25, 35,",up
8_10,ROMANCIERILOR,2351,"8, 25, 35,",up
8_11,COMPASULUI,3304,"8, 25, 35,",up
8_12,BRASOV,2350,"8, 25, 35,",up
8_13,SERGENT MOISE,893,"8, 25, 35,",up
8_14,SIBIU,2385,"8, 25, 35,",up
8_15,BD. VASILE MILEA,2386,"8, 25, 35,",up
8_16,PIATA DANNY HUWE,327,"1,  8, 11, 25,",up
8_17,APRODEX,343,"1,  8, 11, 25,",up
8_18,CALEA 13 SEPTEMBRIE,344,"1,  8, 11, 25,",up
8_19,INOX,345,"1,  8, 11, 25, 47,",up
8_20,SOSEAUA PROGRESULUI,476,"8, 23, 32,",up
8_21,CALEA FERENTARI,97,"8, 23, 32,",up
8_22,SOSEAUA SALAJ,307,"8, 23,",up
8_23,CIBINULUI,308,"8, 23,",up
8_24,ARMISTITIULUI,309,"8, 23,",up
8_25,SULITEI,1345,"8, 23,",up
8_26,PIATA FERENTARI,310,"8, 23,",up
8_27,VADUL NOU,556,"8, 23,",up
8_28,VALTOAREI,557,"8, 23,",up
8_29,ZETARILOR,558,"8, 23,",up
8_0,ZETARILOR,559,"8, 23,",down
8_1,VALTOAREI,560,"8, 23,",down
8_2,VADUL NOU,561,"8, 23,",down
8_3,PIATA FERENTARI,280,"8, 23,",down
8_4,SULITEI,1343,"8, 23,",down
8_5,ARMISTITIULUI,281,"8, 23,",down
8_6,CIBINULUI,282,"8, 23,",down
8_7,SOSEAUA SALAJ,283,"8, 23,",down
8_8,CALEA FERENTARI,52,"8, 23, 32,",down
8_9,CALEA RAHOVEI,328,"1, 8, 11, 25, 47,",down
8_10,INOX,331,"1, 8, 11, 25, 47,",down
8_11,CALEA 13 SEPTEMBRIE,330,"1, 8, 11, 25,",down
8_12,APRODEX,54,"1, 8, 11, 25,",down
8_13,PIATA DANNY HUWE,2315,"1, 8, 11, 25,",down
8_14,BD. VASILE MILEA,2308,"1, 8, 11, 25,",down
8_15,SIBIU,585,"8, 25, 35,",down
8_16,SERGENT MOISE,2387,"8, 25, 35,",down
8_17,BRASOV,885,"8, 25, 35,",down
8_18,COMPASULUI,3305,"8, 25, 35,",down
8_19,ROMANCIERILOR,2344,"8, 25, 35,",down
8_20,FRIGOCOM,2345,"8, 25, 35,",down
8_21,VALEA OLTULUI,2346,"8, 25, 35,",down
8_22,RADOX,3513,"8, 25, 35,",down
8_23,VALEA CASCADELOR,4324,"8, 25, 35,",down
8_24,C.F.R. COTROCENI,2349,"8, 25, 35,",down
8_25,CESAROM,413,"8, 25, 35,",down
8_26,URBIS,415,"8, 25, 35,",down
8_27,S.C. VEST,417,"8, 25, 35,",down
8_28,INSCUT,418,"8, 25, 35,",down
8_29,DEPOUL MILITARI,419,"8, 25, 35,",down
11_0,ZETARILOR,4486,"4, 11,",up
11_1,BACIULUI,263,"4, 11,",up
11_2,CIMITIRUL PROGRESUL,264,"4, 11,",up
11_3,SOSEAUA GIURGIULUI,265,"4, 11,",up
11_4,CIMITIRUL EVREIESC,266,"7, 11, 25,",up
11_5,DRUMUL GAZARULUI,267,"7, 11, 25,",up
11_6,TOPORASI,268,"7, 11, 25,",up
11_7,PIATA PROGRESUL,269,"7, 11, 25,",up
11_8,MUZEUL BACOVIA,270,"7, 11, 25,",up
11_9,SURA MARE,271,"1,  7, 11, 25,",up
11_10,PIATA EROII REVOLUTIEI,2358,"1, 7, 11, 25,",up
11_11,STEFAN HEPITES,300,"1, 7, 11, 25,",up
11_12,DR. CONSTANTIN ISTRATI,3100,"1, 7, 11, 25,",up
11_13,SPATARUL PREDA,329,"1, 11, 25, 47,",up
11_14,CALEA RAHOVEI,328,"1, 8, 11, 25, 47,",up
11_15,INOX,331,"1, 8, 11, 25, 47,",up
11_16,CALEA 13 SEPTEMBRIE,330,"1, 8, 11, 25,",up
11_17,APRODEX,54,"1, 8, 11, 25,",up
11_18,PIATA DANNY HUWE,2315,"1, 8, 11, 25,",up
11_19,BD. VASILE MILEA,2308,"1, 8, 11, 25,",up
11_20,BD. IULIU MANIU,2309,"1, 11, 35,",up
11_21,POD GROZAVESTI,2310,"1, 11, 35,",up
11_22,CALEA PLEVNEI,2311,"11, 35,",up
11_23,SPITALUL PANAIT SARBU,66,"11, 44,",up
11_24,PASAJ GRANT,67,"11, 44,",up
11_25,CIMITIRUL CALVIN,68,"11, 44,",up
11_26,GEORGE VALSAN,69,"11, 44,",up
11_27,BD. CONSTRUCTORILOR,70,"11, 44,",up
11_28,GODENI,71,"11, 44,",up
11_29,PIATA GIULESTI,72,"11, 44,",up
11_30,COPSA MICA,73,"11, 44,",up
11_31,INSTITUTUL PASTEUR,74,"11, 44,",up
11_32,DEPOUL GIULESTI,1311,"11, 44,",up
11_33,CARTIER 16 FEBRUARIE,75,"11, 44,",up
11_0,CARTIER 16 FEBRUARIE,76,"11, 44,",down
11_1,DEPOUL GIULESTI,1314,"11, 44,",down
11_2,INSTITUTUL PASTEUR,77,"11, 44,",down
11_3,COPSA MICA,78,"11, 44,",down
11_4,PIATA GIULESTI,79,"11, 44,",down
11_5,GODENI,80,"11, 44,",down
11_6,BD. CONSTRUCTORILOR,81,"11, 44,",down
11_7,GEORGE VALSAN,82,"11, 44,",down
11_8,CIMITIRUL CALVIN,83,"11, 44,",down
11_9,PASAJ GRANT,84,"11, 44,",down
11_10,SPITALUL PANAIT SARBU,85,"11, 44,",down
11_11,CALEA PLEVNEI,4258,"11, 35,",down
11_12,POD GROZAVESTI,2312,"1, 11, 35,",down
11_13,BD. IULIU MANIU,2313,"1, 11, 35,",down
11_14,BD. TIMISOARA,2314,"1, 11, 35,",down
11_15,PIATA DANNY HUWE,327,"1,  8, 11, 25,",down
11_16,APRODEX,343,"1,  8, 11, 25,",down
11_17,CALEA 13 SEPTEMBRIE,344,"1,  8, 11, 25,",down
11_18,INOX,345,"1,  8, 11, 25, 47,",down
11_19,CALEA RAHOVEI,346,"1, 11, 25, 47,",down
11_20,SPATARUL PREDA,347,"1, 11, 25, 47,",down
11_21,SOSEAUA VIILOR,2683,"1, 11, 25, 47,",down
11_22,STEFAN HEPITES,349,"1,  7, 11, 25,",down
11_23,PIATA EROII REVOLUTIEI,350,"1,  7, 11, 25,",down
11_24,SURA MARE,252,"7, 11, 25,",down
11_25,MUZEUL BACOVIA,253,"7, 11, 25,",down
11_26,PIATA PROGRESUL,254,"7, 11, 25,",down
11_27,TOPORASI,255,"7, 11, 25,",down
11_28,DRUMUL GAZARULUI,256,"7, 11, 25,",down
11_29,CIMITIRUL EVREIESC,257,"7, 11, 25,",down
11_30,LUICA,2915,"7, 11, 25,",down
11_31,CIMITIRUL PROGRESUL,259,"4, 11,",down
11_32,BACIULUI,260,"4, 11,",down
11_33,ZETARILOR,3028,"4, 11,",down
14_0,PIATA SF. VINERI,4025,"14, 40, 56,",up
14_1,ALEXANDRU SIHLEANU,440,"14, 40, 56,",up
14_2,HALA TRAIAN,3650,"14, 40, 56,",up
14_3,BD. PACHE PROTOPOPESCU,442,"14,",up
14_4,HOREI,467,"14,",up
14_5,SOSEAUA MIHAI BRAVU,468,"14,",up
14_6,SOSEAUA PANTELIMON,13,"14,",up
14_7,CIMITIRUL ARMENESC,994,"14, 36,",up
14_8,SOSEAUA IANCULUI,469,"14, 36,",up
14_9,BD. CHISINAU,449,"14, 36, 46,",up
14_10,PICTOR HARLESCU,2383,"14, 36, 46,",up
14_11,BD. BASARABIA,2384,"14, 36, 46,",up
14_12,BAIA DE ARAMA,566,"14, 36, 40, 46, 56,",up
14_13,LUCRETIU PATRASCANU,567,"14, 36, 40, 46, 56,",up
14_14,BD. 1 DECEMBRIE 1918,890,"14, 36, 40, 46, 56,",up
14_15,BARAJUL IEZERU,2985,"14, 40,",up
14_16,BARAJUL ROVINARI,2986,"14, 40,",up
14_17,FAUR POARTA 4,3044,"14, 40,",up
14_0,FAUR POARTA 4,2375,"14,",down
14_1,BARAJUL ROVINARI,2982,"14, 40,",down
14_2,BARAJUL IEZERU,2983,"14, 40,",down
14_3,BD. BASARABIA,2984,"14, 40,",down
14_4,SOSEAUA MORARILOR,549,"14, 36, 40, 46, 56,",down
14_5,BAIA DE ARAMA,550,"14, 36, 40, 46, 56,",down
14_6,BD. NICOLAE GRIGORESCU,551,"14, 36, 40, 46, 56,",down
14_7,PICTOR HARLESCU,2379,"14, 36, 46,",down
14_8,BD. CHISINAU,387,"14, 36, 46,",down
14_9,SOSEAUA IANCULUI,454,"14, 36,",down
14_10,BAICULUI,995,"14, 36,",down
14_11,BD. FERDINAND,455,"14, 36,",down
14_12,SOSEAUA MIHAI BRAVU,34,"14,",down
14_13,HOREI,456,"14,",down
14_14,BD. PACHE PROTOPOPESCU,1714,"14,",down
14_15,HALA TRAIAN,394,"14,",down
14_16,PIATA SF. STEFAN,3388,"14, 40, 56,",down
14_17,PIATA CORNELIU COPOSU,395,"14, 40, 56,",down
14_18,PIATA SF. VINERI,4035,"14, 40, 56,",down
16_0,PIATA SF. GHEORGHE,185,"5, 16, 21,",up
16_1,HRISTO BOTEV,3001,"5, 16, 21,",up
16_2,BD. CAROL I,186,"5, 16,",up
16_3,BATISTEI,187,"5, 16,",up
16_4,MARIA ROSETTI,1226,"5, 16,",up
16_5,PIATA GEMENI,188,"5, 16,",up
16_6,MIHAI EMINESCU,479,"16,",up
16_7,TOAMNEI,2825,"16,",up
16_8,SOSEAUA STEFAN CEL MARE,480,"16,",up
16_9,REINVIERII,172,"16,",up
16_10,ALEXANDRU CEL BUN,199,"16, 36,",up
16_11,BD. LACUL TEI,481,"16, 36,",up
16_12,TEIUL DOAMNEI,482,"16, 36,",up
16_13,LACUL TEI,483,"16, 36,",up
16_14,STRANDUL TEI,484,"16, 36,",up
16_15,SOSEAUA FABRICA DE GLUCOZA,485,"16, 36,",up
16_16,GELCAP,2925,"16, 36,",up
16_17,ROCIN,486,"16, 36,",up
16_18,ELECTRONICA,487,"16, 36,",up
16_19,PLATFORMA INDUSTRIALA PIPERA,488,"16, 36,",up
16_0,PLATFORMA INDUSTRIALA PIPERA,489,"16, 36,",down
16_1,ELECTRONICA,490,"16, 36,",down
16_2,ROCIN,491,"16, 36,",down
16_3,GELCAP,2926,"16, 36,",down
16_4,SOSEAUA FABRICA DE GLUCOZA,492,"16, 36,",down
16_5,STRANDUL TEI,493,"16, 36,",down
16_6,LACUL TEI,494,"16, 36,",down
16_7,BD. LACUL TEI,992,"16, 36,",down
16_8,GRIGORE MOISIL,495,"16, 36,",down
16_9,ALEXANDRU CEL BUN,204,"16, 36,",down
16_10,REINVIERII,496,"16, 36,",down
16_11,SOSEAUA STEFAN CEL MARE,3738,"16,",down
16_12,TOAMNEI,2826,"16,",down
16_13,MIHAI EMINESCU,497,"16,",down
16_14,PIATA GEMENI,498,"5, 16,",down
16_15,MARIA ROSETTI,1225,"5, 16,",down
16_16,BATISTEI,207,"5, 16,",down
16_17,BD. CAROL I,208,"5, 16,",down
16_18,HRISTO BOTEV,2343,"5, 16, 21,",down
16_19,PIATA SF. GHEORGHE,2929,"5, 16, 21,",down
21_0,PIATA SF. GHEORGHE,185,"5, 16, 21,",up
21_1,HRISTO BOTEV,3001,"5, 16, 21,",up
21_2,BD. CAROL I,3002,"21,",up
21_3,MIHAI EMINESCU,3003,"21,",up
21_4,BUCUR OBOR,3004,"21,",up
21_5,ZIDURI MOSI,173,"21,",up
21_6,TEIUL DOAMNEI,15,"21,",up
21_7,DOAMNA GHICA,16,"21,",up
21_8,RAUL COLENTINA,17,"21,",up
21_9,CARTIER COLENTINA,18,"21,",up
21_10,SPORTULUI,924,"21,",up
21_11,CORNISOR,20,"21,",up
21_12,NICOLAE CANEA,21,"21,",up
21_13,PASAJ COLENTINA,22,"21,",up
21_0,PASAJ COLENTINA,23,"21,",down
21_1,NICOLAE CANEA,24,"21,",down
21_2,CORNISOR,25,"21,",down
21_3,SPORTULUI,26,"21,",down
21_4,CARTIER COLENTINA,27,"21,",down
21_5,RAUL COLENTINA,28,"21,",down
21_6,DOAMNA GHICA,29,"21,",down
21_7,TEIUL DOAMNEI,30,"21,",down
21_8,ZIDURI MOSI,31,"21,",down
21_9,BUCUR OBOR,3005,"21,",down
21_10,MIHAI EMINESCU,3006,"21,",down
21_11,BD. CAROL I,3007,"21,",down
21_12,HRISTO BOTEV,2343,"5, 16, 21,",down
21_13,PIATA SF. GHEORGHE,2929,"5, 16, 21,",down
23_0,ZETARILOR,559,"8, 23,",up
23_1,VALTOAREI,560,"8, 23,",up
23_2,VADUL NOU,561,"8, 23,",up
23_3,PIATA FERENTARI,280,"8, 23,",up
23_4,SULITEI,1343,"8, 23,",up
23_5,ARMISTITIULUI,281,"8, 23,",up
23_6,CIBINULUI,282,"8, 23,",up
23_7,SOSEAUA SALAJ,283,"8, 23,",up
23_8,CALEA FERENTARI,52,"8, 23, 32,",up
23_9,SOSEAUA PROGRESULUI,53,"23, 32,",up
23_10,PIATA CHIRIGIU,404,"23, 32,",up
23_11,PIATA REGINA MARIA,430,"23, 32,",up
23_12,11 IUNIE,460,"23, 32,",up
23_13,GRAMONT,475,"7, 23, 27, 47,",up
23_14,PARCUL CAROL I,2364,"23, 27,",up
23_15,BD. DIMITRIE CANTEMIR,2365,"23, 27,",up
23_16,PASAJ MARASESTI,2366,"23, 27,",up
23_17,NERVA TRAIAN,2422,"23, 27,",up
23_18,POSTA VITAN,500,"1, 23, 27,",up
23_19,POLICLINICA VITAN,501,"23, 27,",up
23_20,DEPOUL DUDESTI,502,"23, 27,",up
23_21,SOSEAUA MIHAI BRAVU,3117,"23, 27,",up
23_22,DRISTORULUI,45,"23, 27,",up
23_23,PIATA RAMNICU SARAT,4322,"23, 27,",up
23_24,VOLUNTARILOR,1817,"23, 27,",up
23_25,FIZICIENILOR,1822,"23, 27,",up
23_26,ILIOARA,1821,"23, 27,",up
23_27,PIATA TITAN,3032,"23, 27,",up
23_28,DUMBRAVA NOUA,2161,"23, 27,",up
23_29,BD. 1 DECEMBRIE 1918,510,"23, 27, 40,",up
23_30,OZANA,511,"23, 27, 40,",up
23_31,I.O.R. 2,512,"23, 27, 40,",up
23_32,STIROM,513,"23, 27, 40,",up
23_33,POLICOLOR,514,"23, 27, 40,",up
23_34,CHIMOPAR,515,"23, 27, 40,",up
23_35,COMPLEX RATB TITAN,516,"23, 27, 40,",up
23_0,COMPLEX RATB TITAN,521,"23, 27, 40,",down
23_1,CHIMOPAR,522,"23, 27, 40,",down
23_2,POLICOLOR,523,"23, 27, 40,",down
23_3,STIROM,524,"23, 27, 40,",down
23_4,I.O.R. 2,525,"23, 27, 40,",down
23_5,OZANA,526,"23, 27, 40,",down
23_6,BD. 1 DECEMBRIE 1918,527,"23, 27, 40,",down
23_7,DUMBRAVA NOUA,2162,"23, 27,",down
23_8,PIATA TITAN,3031,"23, 27,",down
23_9,ILIOARA,1820,"23, 27,",down
23_10,FIZICIENILOR,1811,"23, 27,",down
23_11,VOLUNTARILOR,1814,"23, 27,",down
23_12,PIATA RAMNICU SARAT,4323,"23, 27,",down
23_13,DRISTORULUI,40,"23, 27,",down
23_14,SOSEAUA MIHAI BRAVU,534,"23, 27,",down
23_15,DEPOUL DUDESTI,535,"23, 27,",down
23_16,POLICLINICA VITAN,536,"23, 27,",down
23_17,POSTA VITAN,537,"1, 23, 27,",down
23_18,NERVA TRAIAN,2423,"1, 23, 27,",down
23_19,PASAJ MARASESTI,2367,"23, 27,",down
23_20,BD. DIMITRIE CANTEMIR,2368,"23, 27,",down
23_21,PARCUL CAROL I,2369,"23, 27,",down
23_22,GRAMONT,1409,"7, 23, 27, 47,",down
23_23,PATRIARHIA ROMANA,473,"7, 23, 27, 47,",down
23_24,PIATA REGINA MARIA,436,"23, 32,",down
23_25,PIATA CHIRIGIU,409,"23, 32,",down
23_26,SOSEAUA PROGRESULUI,476,"8, 23, 32,",down
23_27,CALEA FERENTARI,97,"8, 23, 32,",down
23_28,SOSEAUA SALAJ,307,"8, 23,",down
23_29,CIBINULUI,308,"8, 23,",down
23_30,ARMISTITIULUI,309,"8, 23,",down
23_31,SULITEI,1345,"8, 23,",down
23_32,PIATA FERENTARI,310,"8, 23,",down
23_33,VADUL NOU,556,"8, 23,",down
23_34,VALTOAREI,557,"8, 23,",down
23_35,ZETARILOR,558,"8, 23,",down
24_0,CARTIER DAMAROAIA,578,"24,",up
24_1,IZBICENI,579,"24,",up
24_2,NEATARNARII,580,"24,",up
24_3,BD. BUCURESTII NOI,581,"24,",up
24_4,PAJUREI,232,"24,",up
24_5,DEPOUL BUCURESTII NOI,233,"24,",up
24_6,CARPATI,109,"24, 45,",up
24_7,CLABUCET,110,"24, 45,",up
24_8,AVIATOR POPISTEANU,544,"24, 42, 45,",up
24_9,PIATA DOMENII,545,"24, 42, 45,",up
24_10,BD. MARESAL AVERESCU,546,"24, 42, 45,",up
24_11,PIATA ION MIHALACHE,150,"24, 42, 45,",up
24_12,PIATA VICTORIEI,704,"24, 42, 45, 46,",up
24_13,PIATA BUZESTI,2930,"24,",up
24_14,MIRCEA VULCANESCU,4367,"24,",up
24_15,RADIO ROMANIA,4365,"24, 44,",up
24_16,VASILE PARVAN,4369,"24, 44,",up
24_0,VASILE PARVAN,4369,"24, 44,",down
24_1,CISMIGIU,61,"24, 44,",down
24_2,OSTASILOR,2656,"24, 44,",down
24_3,RADIO ROMANIA,4366,"24, 44,",down
24_4,MIRCEA VULCANESCU,4368,"24,",down
24_5,PIATA BUZESTI,702,"24, 42, 45, 46,",down
24_6,PIATA VICTORIEI,703,"24, 42, 45, 46,",down
24_7,PIATA ION MIHALACHE,140,"24, 42, 45,",down
24_8,BD. MARESAL AVERESCU,141,"24, 42, 45,",down
24_9,PIATA DOMENII,541,"24, 42, 45,",down
24_10,AVIATOR POPISTEANU,542,"24, 42, 45,",down
24_11,CLABUCET,543,"24, 42, 45,",down
24_12,CARPATI,120,"24, 45,",down
24_13,DEPOUL BUCURESTII NOI,220,"24,",down
24_14,PAJUREI,221,"24,",down
24_15,BD. GLORIEI,222,"24,",down
24_16,NEATARNARII,575,"24,",down
24_17,IZBICENI,576,"24,",down
24_18,CARTIER DAMAROAIA,577,"24,",down
25_0,C.F.R. PROGRESUL,371,"4,  7, 25,",up
25_1,CAP. RADUCANU CRISTEA,372,"4,  7, 25,",up
25_2,ANGHEL NUTU,990,"4,  7, 25,",up
25_3,LUICA,2914,"4,  7, 25,",up
25_4,CIMITIRUL EVREIESC,266,"7, 11, 25,",up
25_5,DRUMUL GAZARULUI,267,"7, 11, 25,",up
25_6,TOPORASI,268,"7, 11, 25,",up
25_7,PIATA PROGRESUL,269,"7, 11, 25,",up
25_8,MUZEUL BACOVIA,270,"7, 11, 25,",up
25_9,SURA MARE,271,"1,  7, 11, 25,",up
25_10,PIATA EROII REVOLUTIEI,2358,"1, 7, 11, 25,",up
25_11,STEFAN HEPITES,300,"1, 7, 11, 25,",up
25_12,DR. CONSTANTIN ISTRATI,3100,"1, 7, 11, 25,",up
25_13,SPATARUL PREDA,329,"1, 11, 25, 47,",up
25_14,CALEA RAHOVEI,328,"1, 8, 11, 25, 47,",up
25_15,INOX,331,"1, 8, 11, 25, 47,",up
25_16,CALEA 13 SEPTEMBRIE,330,"1, 8, 11, 25,",up
25_17,APRODEX,54,"1, 8, 11, 25,",up
25_18,PIATA DANNY HUWE,2315,"1, 8, 11, 25,",up
25_19,BD. VASILE MILEA,2308,"1, 8, 11, 25,",up
25_20,SIBIU,585,"8, 25, 35,",up
25_21,SERGENT MOISE,2387,"8, 25, 35,",up
25_22,BRASOV,885,"8, 25, 35,",up
25_23,COMPASULUI,3305,"8, 25, 35,",up
25_24,ROMANCIERILOR,2344,"8, 25, 35,",up
25_25,FRIGOCOM,2345,"8, 25, 35,",up
25_26,VALEA OLTULUI,2346,"8, 25, 35,",up
25_27,RADOX,3513,"8, 25, 35,",up
25_28,VALEA CASCADELOR,4324,"8, 25, 35,",up
25_29,C.F.R. COTROCENI,2349,"8, 25, 35,",up
25_30,CESAROM,413,"8, 25, 35,",up
25_31,URBIS,415,"8, 25, 35,",up
25_32,S.C. VEST,417,"8, 25, 35,",up
25_33,INSCUT,418,"8, 25, 35,",up
25_34,DEPOUL MILITARI,419,"8, 25, 35,",up
25_0,DEPOUL MILITARI,420,"8, 25, 35,",down
25_1,INSCUT,422,"8, 25, 35,",down
25_2,S.C. VEST,423,"8, 25, 35,",down
25_3,URBIS,425,"8, 25, 35,",down
25_4,CESAROM,426,"8, 25, 35,",down
25_5,C.F.R. COTROCENI,2356,"8, 25, 35,",down
25_6,VALEA CASCADELOR,4325,"8, 25, 35,",down
25_7,RADOX,3512,"8, 25, 35,",down
25_8,VALEA OLTULUI,2353,"8, 25, 35,",down
25_9,FRIGOCOM,2352,"8, 25, 35,",down
25_10,ROMANCIERILOR,2351,"8, 25, 35,",down
25_11,COMPASULUI,3304,"8, 25, 35,",down
25_12,BRASOV,2350,"8, 25, 35,",down
25_13,SERGENT MOISE,893,"8, 25, 35,",down
25_14,SIBIU,2385,"8, 25, 35,",down
25_15,BD. VASILE MILEA,2386,"8, 25, 35,",down
25_16,PIATA DANNY HUWE,327,"1,  8, 11, 25,",down
25_17,APRODEX,343,"1,  8, 11, 25,",down
25_18,CALEA 13 SEPTEMBRIE,344,"1,  8, 11, 25,",down
25_19,INOX,345,"1,  8, 11, 25, 47,",down
25_20,CALEA RAHOVEI,346,"1, 11, 25, 47,",down
25_21,SPATARUL PREDA,347,"1, 11, 25, 47,",down
25_22,SOSEAUA VIILOR,2683,"1, 11, 25, 47,",down
25_23,STEFAN HEPITES,349,"1,  7, 11, 25,",down
25_24,PIATA EROII REVOLUTIEI,350,"1,  7, 11, 25,",down
25_25,SURA MARE,252,"7, 11, 25,",down
25_26,MUZEUL BACOVIA,253,"7, 11, 25,",down
25_27,PIATA PROGRESUL,254,"7, 11, 25,",down
25_28,TOPORASI,255,"7, 11, 25,",down
25_29,DRUMUL GAZARULUI,256,"7, 11, 25,",down
25_30,CIMITIRUL EVREIESC,257,"7, 11, 25,",down
25_31,LUICA,2915,"7, 11, 25,",down
25_32,ANGHEL NUTU,991,"4,  7, 25,",down
25_33,CAP. RADUCANU CRISTEA,382,"4,  7, 25,",down
25_34,C.F.R. PROGRESUL,383,"4,  7, 25,",down
27_0,COMPLEX RATB TITAN,521,"23, 27, 40,",up
27_1,CHIMOPAR,522,"23, 27, 40,",up
27_2,POLICOLOR,523,"23, 27, 40,",up
27_3,STIROM,524,"23, 27, 40,",up
27_4,I.O.R. 2,525,"23, 27, 40,",up
27_5,OZANA,526,"23, 27, 40,",up
27_6,BD. 1 DECEMBRIE 1918,527,"23, 27, 40,",up
27_7,DUMBRAVA NOUA,2162,"23, 27,",up
27_8,PIATA TITAN,3031,"23, 27,",up
27_9,ILIOARA,1820,"23, 27,",up
27_10,FIZICIENILOR,1811,"23, 27,",up
27_11,VOLUNTARILOR,1814,"23, 27,",up
27_12,PIATA RAMNICU SARAT,4323,"23, 27,",up
27_13,DRISTORULUI,45,"23, 27,",up
27_14,SOSEAUA MIHAI BRAVU,534,"23, 27,",up
27_15,DEPOUL DUDESTI,535,"23, 27,",up
27_16,POLICLINICA VITAN,536,"23, 27,",up
27_17,POSTA VITAN,537,"1, 23, 27,",up
27_18,NERVA TRAIAN,2423,"1, 23, 27,",up
27_19,PASAJ MARASESTI,2367,"23, 27,",up
27_20,BD. DIMITRIE CANTEMIR,2368,"23, 27,",up
27_21,PARCUL CAROL I,2369,"23, 27,",up
27_22,GRAMONT,1409,"7, 23, 27, 47,",up
27_23,PATRIARHIA ROMANA,473,"7, 23, 27, 47,",up
27_24,PIATA UNIRII,472,"7, 27, 32, 47,",up
27_0,PIATA UNIRII,472,"7, 27, 32, 47,",down
27_1,11 IUNIE,464,"7, 27, 32, 47,",down
27_2,GRAMONT,475,"7, 23, 27, 47,",down
27_3,PARCUL CAROL I,2364,"23, 27,",down
27_4,BD. DIMITRIE CANTEMIR,2365,"23, 27,",down
27_5,PASAJ MARASESTI,2366,"23, 27,",down
27_6,NERVA TRAIAN,2422,"23, 27,",down
27_7,POSTA VITAN,500,"1, 23, 27,",down
27_8,POLICLINICA VITAN,501,"23, 27,",down
27_9,DEPOUL DUDESTI,502,"23, 27,",down
27_10,SOSEAUA MIHAI BRAVU,3117,"23, 27,",down
27_11,DRISTORULUI,40,"23, 27,",down
27_12,PIATA RAMNICU SARAT,4322,"23, 27,",down
27_13,VOLUNTARILOR,1817,"23, 27,",down
27_14,FIZICIENILOR,1822,"23, 27,",down
27_15,ILIOARA,1821,"23, 27,",down
27_16,PIATA TITAN,3032,"23, 27,",down
27_17,DUMBRAVA NOUA,2161,"23, 27,",down
27_18,BD. 1 DECEMBRIE 1918,510,"23, 27, 40,",down
27_19,OZANA,511,"23, 27, 40,",down
27_20,I.O.R. 2,512,"23, 27, 40,",down
27_21,STIROM,513,"23, 27, 40,",down
27_22,POLICOLOR,514,"23, 27, 40,",down
27_23,CHIMOPAR,515,"23, 27, 40,",down
27_24,COMPLEX RATB TITAN,516,"23, 27, 40,",down
32_0,DEPOUL ALEXANDRIA,46,"32,",up
32_1,ANTIAERIANA,47,"32,",up
32_2,MARGEANULUI,48,"32,",up
32_3,PIATA RAHOVA,49,"32,",up
32_4,PETRE ISPIRESCU,51,"32,",up
32_5,CALEA FERENTARI,52,"8, 23, 32,",up
32_6,SOSEAUA PROGRESULUI,53,"23, 32,",up
32_7,PIATA CHIRIGIU,404,"23, 32,",up
32_8,PIATA REGINA MARIA,430,"23, 32,",up
32_9,11 IUNIE,460,"23, 32,",up
32_10,PIATA UNIRII,472,"7, 27, 32, 47,",up
32_0,PIATA UNIRII,472,"7, 27, 32, 47,",down
32_1,11 IUNIE,464,"7, 27, 32, 47,",down
32_2,PIATA REGINA MARIA,436,"23, 32,",down
32_3,PIATA CHIRIGIU,409,"23, 32,",down
32_4,SOSEAUA PROGRESULUI,476,"8, 23, 32,",down
32_5,CALEA FERENTARI,97,"8, 23, 32,",down
32_6,PETRE ISPIRESCU,98,"32,",down
32_7,PIATA RAHOVA,100,"32,",down
32_8,MARGEANULUI,101,"32,",down
32_9,ANTIAERIANA,102,"32,",down
32_10,DEPOUL ALEXANDRIA,103,"32,",down
35_0,DEPOUL MILITARI,420,"8, 25, 35,",up
35_1,INSCUT,422,"8, 25, 35,",up
35_2,S.C. VEST,423,"8, 25, 35,",up
35_3,URBIS,425,"8, 25, 35,",up
35_4,CESAROM,426,"8, 25, 35,",up
35_5,C.F.R. COTROCENI,2356,"8, 25, 35,",up
35_6,VALEA CASCADELOR,4325,"8, 25, 35,",up
35_7,RADOX,3512,"8, 25, 35,",up
35_8,VALEA OLTULUI,2353,"8, 25, 35,",up
35_9,FRIGOCOM,2352,"8, 25, 35,",up
35_10,ROMANCIERILOR,2351,"8, 25, 35,",up
35_11,COMPASULUI,3304,"8, 25, 35,",up
35_12,BRASOV,2350,"8, 25, 35,",up
35_13,SERGENT MOISE,893,"8, 25, 35,",up
35_14,SIBIU,2385,"8, 25, 35,",up
35_15,BD. VASILE MILEA,2386,"8, 25, 35,",up
35_16,BD. IULIU MANIU,2309,"1, 11, 35,",up
35_17,POD GROZAVESTI,2310,"1, 11, 35,",up
35_18,CALEA PLEVNEI,2311,"11, 35,",up
35_19,CALEA GIULESTI,4290,"35, 44,",up
35_20,GARA BASARAB,64,"35, 44,",up
35_0,GARA BASARAB,337,"35, 44,",down
35_1,CALEA GIULESTI,65,"35, 44,",down
35_2,CALEA PLEVNEI,4258,"11, 35,",down
35_3,POD GROZAVESTI,2312,"1, 11, 35,",down
35_4,BD. IULIU MANIU,2313,"1, 11, 35,",down
35_5,BD. TIMISOARA,2314,"1, 11, 35,",down
35_6,SIBIU,585,"8, 25, 35,",down
35_7,SERGENT MOISE,2387,"8, 25, 35,",down
35_8,BRASOV,885,"8, 25, 35,",down
35_9,COMPASULUI,3305,"8, 25, 35,",down
35_10,ROMANCIERILOR,2344,"8, 25, 35,",down
35_11,FRIGOCOM,2345,"8, 25, 35,",down
35_12,VALEA OLTULUI,2346,"8, 25, 35,",down
35_13,RADOX,3513,"8, 25, 35,",down
35_14,VALEA CASCADELOR,4324,"8, 25, 35,",down
35_15,C.F.R. COTROCENI,2349,"8, 25, 35,",down
35_16,CESAROM,413,"8, 25, 35,",down
35_17,URBIS,415,"8, 25, 35,",down
35_18,S.C. VEST,417,"8, 25, 35,",down
35_19,INSCUT,418,"8, 25, 35,",down
35_20,DEPOUL MILITARI,419,"8, 25, 35,",down
36_0,REPUBLICA,547,"36, 46, 56,",up
36_1,FAUR,3740,"36, 46, 56,",up
36_2,GRUP INDUSTRIAL TITAN,548,"36, 46, 56,",up
36_3,BD. 1 DECEMBRIE 1918,889,"36, 46, 56,",up
36_4,SOSEAUA MORARILOR,549,"14, 36, 40, 46, 56,",up
36_5,BAIA DE ARAMA,550,"14, 36, 40, 46, 56,",up
36_6,BD. NICOLAE GRIGORESCU,551,"14, 36, 40, 46, 56,",up
36_7,PICTOR HARLESCU,2379,"14, 36, 46,",up
36_8,BD. CHISINAU,387,"14, 36, 46,",up
36_9,SOSEAUA IANCULUI,454,"14, 36,",up
36_10,BAICULUI,995,"14, 36,",up
36_11,BD. FERDINAND,455,"14, 36,",up
36_12,PIATA OBOR,4050,"36,",up
36_13,SOSEAUA COLENTINA,878,"36,",up
36_14,TURMELOR,3254,"36,",up
36_15,MAICA DOMNULUI,176,"36,",up
36_16,ALEXANDRU CEL BUN,199,"16, 36,",up
36_17,BD. LACUL TEI,481,"16, 36,",up
36_18,TEIUL DOAMNEI,482,"16, 36,",up
36_19,LACUL TEI,483,"16, 36,",up
36_20,STRANDUL TEI,484,"16, 36,",up
36_21,SOSEAUA FABRICA DE GLUCOZA,485,"16, 36,",up
36_22,GELCAP,2925,"16, 36,",up
36_23,ROCIN,486,"16, 36,",up
36_24,ELECTRONICA,487,"16, 36,",up
36_25,PLATFORMA INDUSTRIALA PIPERA,488,"16, 36,",up
36_0,PLATFORMA INDUSTRIALA PIPERA,489,"16, 36,",down
36_1,ELECTRONICA,490,"16, 36,",down
36_2,ROCIN,491,"16, 36,",down
36_3,GELCAP,2926,"16, 36,",down
36_4,SOSEAUA FABRICA DE GLUCOZA,492,"16, 36,",down
36_5,STRANDUL TEI,493,"16, 36,",down
36_6,LACUL TEI,494,"16, 36,",down
36_7,BD. LACUL TEI,992,"16, 36,",down
36_8,GRIGORE MOISIL,495,"16, 36,",down
36_9,ALEXANDRU CEL BUN,204,"16, 36,",down
36_10,REINVIERII,496,"16, 36,",down
36_11,SOSEAUA COLENTINA,3800,"36,",down
36_12,HALELE OBOR,32,"36,",down
36_13,PIATA OBOR,4051,"36,",down
36_14,BD. FERDINAND,33,"36,",down
36_15,CIMITIRUL ARMENESC,994,"14, 36,",down
36_16,SOSEAUA IANCULUI,469,"14, 36,",down
36_17,BD. CHISINAU,449,"14, 36, 46,",down
36_18,PICTOR HARLESCU,2383,"14, 36, 46,",down
36_19,BD. BASARABIA,2384,"14, 36, 46,",down
36_20,BAIA DE ARAMA,566,"14, 36, 40, 46, 56,",down
36_21,LUCRETIU PATRASCANU,567,"14, 36, 40, 46, 56,",down
36_22,BD. 1 DECEMBRIE 1918,890,"14, 36, 40, 46, 56,",down
36_23,GRUP INDUSTRIAL TITAN,568,"36, 46, 56,",down
36_24,FAUR,569,"36, 46, 56,",down
36_25,REPUBLICA,3306,"36, 46, 56,",down
40_0,COMPLEX RATB TITAN,521,"23, 27, 40,",up
40_1,CHIMOPAR,522,"23, 27, 40,",up
40_2,POLICOLOR,523,"23, 27, 40,",up
40_3,STIROM,524,"23, 27, 40,",up
40_4,I.O.R. 2,525,"23, 27, 40,",up
40_5,OZANA,526,"23, 27, 40,",up
40_6,BD. 1 DECEMBRIE 1918,527,"23, 27, 40,",up
40_7,OFICIUL POSTAL 72,823,"40,",up
40_8,POSTAVARULUI,2177,"40,",up
40_9,LIVIU REBREANU,3509,"40,",up
40_10,FAUR POARTA 4,3043,"40,",up
40_11,BARAJUL ROVINARI,2982,"14, 40,",up
40_12,BARAJUL IEZERU,2983,"14, 40,",up
40_13,BD. BASARABIA,2984,"14, 40,",up
40_14,SOSEAUA MORARILOR,549,"14, 36, 40, 46, 56,",up
40_15,BAIA DE ARAMA,550,"14, 36, 40, 46, 56,",up
40_16,BD. NICOLAE GRIGORESCU,551,"14, 36, 40, 46, 56,",up
40_17,ARENA NATIONALA,4473,"40, 56,",up
40_18,PATINOAR,553,"40, 56,",up
40_19,PIATA HURMUZACHI,554,"40, 56,",up
40_20,DELEA VECHE,700,"40, 56,",up
40_21,UNIVERSITATEA HYPERION,3041,"40, 56,",up
40_22,HALA TRAIAN,431,"40, 56,",up
40_23,PIATA SF. STEFAN,3388,"14, 40, 56,",up
40_24,PIATA CORNELIU COPOSU,395,"14, 40, 56,",up
40_25,PIATA SF. VINERI,4035,"14, 40, 56,",up
40_0,PIATA SF. VINERI,4025,"14, 40, 56,",down
40_1,ALEXANDRU SIHLEANU,440,"14, 40, 56,",down
40_2,HALA TRAIAN,3650,"14, 40, 56,",down
40_3,UNIVERSITATEA HYPERION,3042,"40, 56,",down
40_4,DELEA VECHE,463,"40, 56,",down
40_5,PIATA HURMUZACHI,562,"40, 56,",down
40_6,PATINOAR,563,"40, 56,",down
40_7,ARENA NATIONALA,4474,"40, 56,",down
40_8,BD. NICOLAE GRIGORESCU,565,"40, 56,",down
40_9,BAIA DE ARAMA,566,"14, 36, 40, 46, 56,",down
40_10,LUCRETIU PATRASCANU,567,"14, 36, 40, 46, 56,",down
40_11,BD. 1 DECEMBRIE 1918,890,"14, 36, 40, 46, 56,",down
40_12,BARAJUL IEZERU,2985,"14, 40,",down
40_13,BARAJUL ROVINARI,2986,"14, 40,",down
40_14,FAUR POARTA 4,3044,"14, 40,",down
40_15,LIVIU REBREANU,3511,"40,",down
40_16,POSTAVARULUI,2165,"40,",down
40_17,OFICIUL POSTAL 72,844,"40,",down
40_18,BD. 1 DECEMBRIE 1918,510,"23, 27, 40,",down
40_19,OZANA,511,"23, 27, 40,",down
40_20,I.O.R. 2,512,"23, 27, 40,",down
40_21,STIROM,513,"23, 27, 40,",down
40_22,POLICOLOR,514,"23, 27, 40,",down
40_23,CHIMOPAR,515,"23, 27, 40,",down
40_24,COMPLEX RATB TITAN,516,"23, 27, 40,",down
41_0,PIATA PRESEI,3391,"41,",up
41_1,AGRONOMIE,3392,"41,",up
41_2,CASIN,3393,"41,",up
41_3,BD. ION MIHALACHE,3400,"41,",up
41_4,PASAJ GRANT,2393,"41,",up
41_5,SOSEAUA CRANGASI,3014,"41,",up
41_6,PIATA CRANGASI,2394,"41,",up
41_7,POD CIUREL,2425,"41,",up
41_8,ORSOVA,1298,"41,",up
41_9,BD. UVERTURII,194,"41,",up
41_10,BD. TIMISOARA,296,"41,",up
41_11,DRUMUL TABEREI,3394,"41,",up
41_12,PARCUL DRUMUL TABEREI,4503,"41,",up
41_13,BRASOV,3401,"41,",up
41_14,GHENCEA,3389,"41,",up
41_0,GHENCEA,3390,"41,",down
41_1,BRASOV,290,"41,",down
41_2,PARCUL DRUMUL TABEREI,4502,"41,",down
41_3,DRUMUL TABEREI,3395,"41,",down
41_4,BD. TIMISOARA,293,"41,",down
41_5,BD. UVERTURII,2388,"41,",down
41_6,ORSOVA,1286,"41,",down
41_7,POD CIUREL,2424,"41,",down
41_8,PIATA CRANGASI,2389,"41,",down
41_9,PASAJ GRANT,2390,"41,",down
41_10,TURDA,2391,"41,",down
41_11,BD. ION MIHALACHE,3396,"41,",down
41_12,CASIN,3397,"41,",down
41_13,AGRONOMIE,3398,"41,",down
41_14,PIATA PRESEI,3399,"41,",down
42_0,PIATA PRESEI,115,"42,",up
42_1,UNIVERSITATEA ROMANO-AMERICANA,2792,"42,",up
42_2,BD.EXPOZITIEI,2507,"42,",up
42_3,GRIVITA,2549,"42,",up
42_4,BD. ION MIHALACHE,2556,"42,",up
42_5,AVIATOR POPISTEANU,544,"24, 42, 45,",up
42_6,PIATA DOMENII,545,"24, 42, 45,",up
42_7,BD. MARESAL AVERESCU,546,"24, 42, 45,",up
42_8,PIATA ION MIHALACHE,150,"24, 42, 45,",up
42_9,PIATA VICTORIEI,704,"24, 42, 45, 46,",up
42_10,DR. FELIX,2827,"42, 45, 46,",up
42_11,GARA DE NORD,699,"42, 45, 46,",up
42_0,GARA DE NORD,699,"42, 45, 46,",down
42_1,BUZESTI,212,"42, 45, 46,",down
42_2,PIATA BUZESTI,702,"24, 42, 45, 46,",down
42_3,PIATA VICTORIEI,703,"24, 42, 45, 46,",down
42_4,PIATA ION MIHALACHE,140,"24, 42, 45,",down
42_5,BD. MARESAL AVERESCU,141,"24, 42, 45,",down
42_6,PIATA DOMENII,541,"24, 42, 45,",down
42_7,AVIATOR POPISTEANU,542,"24, 42, 45,",down
42_8,CLABUCET,543,"24, 42, 45,",down
42_9,GRIVITA,2523,"42,",down
42_10,BD. EXPOZITIEI,3741,"42,",down
42_11,UNIVERSITATEA ROMANO-AMERICANA,2791,"42,",down
42_12,PIATA PRESEI,3473,"42,",down
44_0,CARTIER 16 FEBRUARIE,76,"11, 44,",up
44_1,DEPOUL GIULESTI,1314,"11, 44,",up
44_2,INSTITUTUL PASTEUR,77,"11, 44,",up
44_3,COPSA MICA,78,"11, 44,",up
44_4,PIATA GIULESTI,79,"11, 44,",up
44_5,GODENI,80,"11, 44,",up
44_6,BD. CONSTRUCTORILOR,81,"11, 44,",up
44_7,GEORGE VALSAN,82,"11, 44,",up
44_8,CIMITIRUL CALVIN,83,"11, 44,",up
44_9,PASAJ GRANT,84,"11, 44,",up
44_10,SPITALUL PANAIT SARBU,85,"11, 44,",up
44_11,CALEA GIULESTI,4290,"35, 44,",up
44_12,GARA BASARAB,64,"35, 44,",up
44_13,GARA DE NORD,87,"44,",up
44_14,RADIO ROMANIA,4365,"24, 44,",up
44_15,VASILE PARVAN,4369,"24, 44,",up
44_0,VASILE PARVAN,4369,"24, 44,",down
44_1,CISMIGIU,61,"24, 44,",down
44_2,OSTASILOR,2656,"24, 44,",down
44_3,RADIO ROMANIA,4366,"24, 44,",down
44_4,GARA DE NORD,63,"44,",down
44_5,GARA BASARAB,337,"35, 44,",down
44_6,CALEA GIULESTI,65,"35, 44,",down
44_7,SPITALUL PANAIT SARBU,66,"11, 44,",down
44_8,PASAJ GRANT,67,"11, 44,",down
44_9,CIMITIRUL CALVIN,68,"11, 44,",down
44_10,GEORGE VALSAN,69,"11, 44,",down
44_11,BD. CONSTRUCTORILOR,70,"11, 44,",down
44_12,GODENI,71,"11, 44,",down
44_13,PIATA GIULESTI,72,"11, 44,",down
44_14,COPSA MICA,73,"11, 44,",down
44_15,INSTITUTUL PASTEUR,74,"11, 44,",down
44_16,DEPOUL GIULESTI,1311,"11, 44,",down
44_17,CARTIER 16 FEBRUARIE,75,"11, 44,",down
45_0,MEZES,104,"45,",up
45_1,MARMUREI,105,"45,",up
45_2,CRINULUI,106,"45,",up
45_3,MINERVA,107,"45,",up
45_4,NAVIGATIEI,3970,"45,",up
45_5,BD. BUCURESTII NOI,108,"45,",up
45_6,CARPATI,109,"24, 45,",up
45_7,CLABUCET,110,"24, 45,",up
45_8,AVIATOR POPISTEANU,544,"24, 42, 45,",up
45_9,PIATA DOMENII,545,"24, 42, 45,",up
45_10,BD. MARESAL AVERESCU,546,"24, 42, 45,",up
45_11,PIATA ION MIHALACHE,150,"24, 42, 45,",up
45_12,PIATA VICTORIEI,704,"24, 42, 45, 46,",up
45_13,DR. FELIX,2827,"42, 45, 46,",up
45_14,GARA DE NORD,699,"42, 45, 46,",up
45_0,GARA DE NORD,699,"42, 45, 46,",down
45_1,BUZESTI,212,"42, 45, 46,",down
45_2,PIATA BUZESTI,702,"24, 42, 45, 46,",down
45_3,PIATA VICTORIEI,703,"24, 42, 45, 46,",down
45_4,PIATA ION MIHALACHE,140,"24, 42, 45,",down
45_5,BD. MARESAL AVERESCU,141,"24, 42, 45,",down
45_6,PIATA DOMENII,541,"24, 42, 45,",down
45_7,AVIATOR POPISTEANU,542,"24, 42, 45,",down
45_8,CLABUCET,543,"24, 42, 45,",down
45_9,CARPATI,120,"24, 45,",down
45_10,SOSEAUA CHITILEI,121,"45,",down
45_11,NAVIGATIEI,3971,"45,",down
45_12,MINERVA,122,"45,",down
45_13,CRINULUI,123,"45,",down
45_14,SUBCETATE,124,"45,",down
45_15,MEZES,125,"45,",down
46_0,GARA DE NORD,699,"42, 45, 46,",up
46_1,BUZESTI,212,"42, 45, 46,",up
46_2,PIATA BUZESTI,702,"24, 42, 45, 46,",up
46_3,PIATA VICTORIEI,703,"24, 42, 45, 46,",up
46_4,DR. CONSTANTIN CARACAS,3683,"46,",up
46_5,PASAJ VICTORIA,983,"1, 46,",up
46_6,ROMA,166,"1, 46,",up
46_7,CALEA DOROBANTILOR,167,"1, 46,",up
46_8,STADION DINAMO,400,"1, 46,",up
46_9,VASILE LASCAR,169,"1, 46,",up
46_10,DR. GROZOVICI,170,"1, 46,",up
46_11,LIZEANU,171,"1, 46,",up
46_12,BUCUR OBOR,582,"1, 46,",up
46_13,BD. FERDINAND,583,"1, 46,",up
46_14,PIATA IANCULUI,401,"1, 46,",up
46_15,PIATA IANCULUI,4523,"46,",up
46_16,LT. VICTOR MANU,446,"46,",up
46_17,BD. PIERRE DE COUBERTIN,448,"46,",up
46_18,BD. CHISINAU,449,"14, 36, 46,",up
46_19,PICTOR HARLESCU,2383,"14, 36, 46,",up
46_20,BD. BASARABIA,2384,"14, 36, 46,",up
46_21,BAIA DE ARAMA,566,"14, 36, 40, 46, 56,",up
46_22,LUCRETIU PATRASCANU,567,"14, 36, 40, 46, 56,",up
46_23,BD. 1 DECEMBRIE 1918,890,"14, 36, 40, 46, 56,",up
46_24,GRUP INDUSTRIAL TITAN,568,"36, 46, 56,",up
46_25,FAUR,569,"36, 46, 56,",up
46_26,REPUBLICA,3306,"36, 46, 56,",up
46_0,REPUBLICA,547,"36, 46, 56,",down
46_1,FAUR,3740,"36, 46, 56,",down
46_2,GRUP INDUSTRIAL TITAN,548,"36, 46, 56,",down
46_3,BD. 1 DECEMBRIE 1918,889,"36, 46, 56,",down
46_4,SOSEAUA MORARILOR,549,"14, 36, 40, 46, 56,",down
46_5,BAIA DE ARAMA,550,"14, 36, 40, 46, 56,",down
46_6,BD. NICOLAE GRIGORESCU,551,"14, 36, 40, 46, 56,",down
46_7,PICTOR HARLESCU,2379,"14, 36, 46,",down
46_8,BD. CHISINAU,387,"14, 36, 46,",down
46_9,BD. PIERRE DE COUBERTIN,4524,"46,",down
46_10,LT. VICTOR MANU,390,"46,",down
46_11,PIATA IANCULUI,391,"46,",down
46_12,BD. FERDINAND,12,"1, 46,",down
46_13,BUCUR OBOR,571,"1, 46,",down
46_14,LIZEANU,572,"1, 46,",down
46_15,DR. GROZOVICI,178,"1, 46,",down
46_16,VASILE LASCAR,179,"1, 46,",down
46_17,STADION DINAMO,399,"1, 46,",down
46_18,CALEA DOROBANTILOR,181,"1, 46,",down
46_19,ROMA,182,"1, 46,",down
46_20,PASAJ VICTORIA,183,"1, 46,",down
46_21,DR. CONSTANTIN CARACAS,3684,"46,",down
46_22,PIATA VICTORIEI,704,"24, 42, 45, 46,",down
46_23,DR. FELIX,2827,"42, 45, 46,",down
46_24,GARA DE NORD,699,"42, 45, 46,",down
47_0,PIATA UNIRII,472,"7, 27, 32, 47,",up
47_1,11 IUNIE,464,"7, 27, 32, 47,",up
47_2,GRAMONT,475,"7, 23, 27, 47,",up
47_3,PARCUL CAROL I,3687,"7, 47,",up
47_4,AUTOGARA FILARET,2370,"7, 47,",up
47_5,SOSEAUA VIILOR,1451,"7, 47,",up
47_6,SPATARUL PREDA,329,"1, 11, 25, 47,",up
47_7,CALEA RAHOVEI,328,"1, 8, 11, 25, 47,",up
47_8,INOX,331,"1, 8, 11, 25, 47,",up
47_9,CALEA 13 SEPTEMBRIE,3969,"47,",up
47_10,SEBASTIAN,160,"47,",up
47_11,DRUMUL SARII,161,"47,",up
47_12,CIMITIRUL GHENCEA,162,"47,",up
47_13,GHENCEA,3358,"47,",up
47_0,GHENCEA,3495,"47,",down
47_1,CIMITIRUL GHENCEA,128,"47,",down
47_2,DRUMUL SARII,129,"47,",down
47_3,SEBASTIAN,130,"47,",down
47_4,SOSEAUA PROGRESULUI,131,"47,",down
47_5,INOX,345,"1,  8, 11, 25, 47,",down
47_6,CALEA RAHOVEI,346,"1, 11, 25, 47,",down
47_7,SPATARUL PREDA,347,"1, 11, 25, 47,",down
47_8,SOSEAUA VIILOR,2683,"1, 11, 25, 47,",down
47_9,AUTOGARA FILARET,2363,"7, 47,",down
47_10,PARCUL CAROL I,3686,"7, 47,",down
47_11,GRAMONT,1409,"7, 23, 27, 47,",down
47_12,PATRIARHIA ROMANA,473,"7, 23, 27, 47,",down
47_13,PIATA UNIRII,472,"7, 27, 32, 47,",down
56_0,PIATA SF. VINERI,4025,"14, 40, 56,",up
56_1,ALEXANDRU SIHLEANU,440,"14, 40, 56,",up
56_2,HALA TRAIAN,3650,"14, 40, 56,",up
56_3,UNIVERSITATEA HYPERION,3042,"40, 56,",up
56_4,DELEA VECHE,463,"40, 56,",up
56_5,PIATA HURMUZACHI,562,"40, 56,",up
56_6,PATINOAR,563,"40, 56,",up
56_7,ARENA NATIONALA,4474,"40, 56,",up
56_8,BD. NICOLAE GRIGORESCU,565,"40, 56,",up
56_9,BAIA DE ARAMA,566,"14, 36, 40, 46, 56,",up
56_10,LUCRETIU PATRASCANU,567,"14, 36, 40, 46, 56,",up
56_11,BD. 1 DECEMBRIE 1918,890,"14, 36, 40, 46, 56,",up
56_12,GRUP INDUSTRIAL TITAN,568,"36, 46, 56,",up
56_13,FAUR,569,"36, 46, 56,",up
56_14,REPUBLICA,3306,"36, 46, 56,",up
56_0,REPUBLICA,547,"36, 46, 56,",down
56_1,FAUR,3740,"36, 46, 56,",down
56_2,GRUP INDUSTRIAL TITAN,548,"36, 46, 56,",down
56_3,BD. 1 DECEMBRIE 1918,889,"36, 46, 56,",down
56_4,SOSEAUA MORARILOR,549,"14, 36, 40, 46, 56,",down
56_5,BAIA DE ARAMA,550,"14, 36, 40, 46, 56,",down
56_6,BD. NICOLAE GRIGORESCU,551,"14, 36, 40, 46, 56,",down
56_7,ARENA NATIONALA,4473,"40, 56,",down
56_8,PATINOAR,553,"40, 56,",down
56_9,PIATA HURMUZACHI,554,"40, 56,",down
56_10,DELEA VECHE,700,"40, 56,",down
56_11,UNIVERSITATEA HYPERION,3041,"40, 56,",down
56_12,HALA TRAIAN,431,"40, 56,",down
56_13,PIATA SF. STEFAN,3388,"14, 40, 56,",down
56_14,PIATA CORNELIU COPOSU,395,"14, 40, 56,",down
56_15,PIATA SF. VINERI,4035,"14, 40, 56,",down
